{"cameraMode":{"drawMode":0,"name":"Shaded","section":"Shading Mode"},"sceneLighting":true,"audioPlay":false,"sceneViewState":{"m_AlwaysRefresh":false,"showFog":true,"showSkybox":true,"showFlares":true,"showImageEffects":true,"showParticleSystems":true,"showVisualEffectGraphs":true,"m_FxEnabled":true},"in2DMode":false,"pivot":{"x":-0.6410738825798035,"y":4.449289321899414,"z":2.5011610984802248},"rotation":{"x":-0.15263910591602326,"y":0.0007599387317895889,"z":-0.00029104072018526495,"w":-0.9882925152778626},"size":6.999187469482422,"orthographic":false}